id,title,text,author,label
N0697,You need to see this about the economy,Doctors HATE this one trick about the economy that big companies don't want you to know.,Unknown,0
N0668,You need to see this about the education system,"This miracle cure for the education system was banned by the government, sources say.",Unknown,0
N0064,Update on the new vaccine,The company released its quarterly earnings report showing growth in the new vaccine.,Real Author,1
N0534,You need to see this about climate change,Doctors HATE this one trick about climate change that big companies don't want you to know.,Unknown,0
N0067,Update on the housing market,A new report from the health ministry outlines updated guidelines for the housing market.,Real Author,1
N0622,You need to see this about renewable energy,"BREAKING: Aliens confirmed to be behind the renewable energy conspiracy, insiders claim.",Unknown,0
N0347,Update on artificial intelligence,The stock market showed a moderate change following news about artificial intelligence.,Real Author,1
N0491,You need to see this about the education system,"Celebrity secretly reveals the education system is a total hoax, fans are furious.",Unknown,0
N0761,You need to see this about cryptocurrency,"Celebrity secretly reveals cryptocurrency is a total hoax, fans are furious.",Unknown,0
N0457,You need to see this about cryptocurrency,"Celebrity secretly reveals cryptocurrency is a total hoax, fans are furious.",Unknown,0
N0066,Update on climate change,Officials confirmed that the climate change project will proceed as planned next quarter.,Real Author,1
N0287,Update on the housing market,Officials confirmed that the the housing market project will proceed as planned next quarter.,Real Author,1
N0636,You need to see this about the education system,"BREAKING: Aliens confirmed to be behind the the education system conspiracy, insiders claim.",Unknown,0
N0068,Update on renewable energy,A new report from the health ministry outlines updated guidelines for renewable energy.,Real Author,1
N0328,Update on the housing market,A new report from the health ministry outlines updated guidelines for the housing market.,Real Author,1
N0396,Update on cryptocurrency,The company released its quarterly earnings report showing growth in cryptocurrency.,Real Author,1
N0245,Update on cryptocurrency,A new report from the health ministry outlines updated guidelines for cryptocurrency.,Real Author,1
N0378,Update on artificial intelligence,The government announced a new policy on artificial intelligence today after a cabinet meeting.,Real Author,1
N0611,You need to see this about the election,"This miracle cure for the election was banned by the government, sources say.",Unknown,0
N0527,You need to see this about the election,"This miracle cure for the election was banned by the government, sources say.",Unknown,0
N0659,You need to see this about the election,Experts are TERRIFIED after new claims about the election go viral overnight.,Unknown,0
N0530,You need to see this about cryptocurrency,Doctors HATE this one trick about cryptocurrency that big companies don't want you to know.,Unknown,0
N0623,You need to see this about space exploration,"Celebrity secretly reveals space exploration is a total hoax, fans are furious.",Unknown,0
N0722,You need to see this about cryptocurrency,"Celebrity secretly reveals cryptocurrency is a total hoax, fans are furious.",Unknown,0
N0361,Update on space exploration,Officials confirmed that the space exploration project will proceed as planned next quarter.,Real Author,1
N0031,Update on space exploration,The stock market showed a moderate change following news about space exploration.,Real Author,1
N0261,Update on the new vaccine,Scientists at a leading university published a peer reviewed study on the new vaccine.,Real Author,1
N0638,You need to see this about the election,Doctors HATE this one trick about the election that big companies don't want you to know.,Unknown,0
N0747,You need to see this about climate change,"This miracle cure for climate change was banned by the government, sources say.",Unknown,0
N0571,You need to see this about the economy,Experts are TERRIFIED after new claims about the economy go viral overnight.,Unknown,0
N0216,Update on climate change,The stock market showed a moderate change following news about climate change.,Real Author,1
N0079,Update on climate change,The company released its quarterly earnings report showing growth in climate change.,Real Author,1
N0579,You need to see this about artificial intelligence,Experts are TERRIFIED after new claims about artificial intelligence go viral overnight.,Unknown,0
N0384,Update on renewable energy,The company released its quarterly earnings report showing growth in renewable energy.,Real Author,1
N0040,Update on the new vaccine,A new report from the health ministry outlines updated guidelines for the new vaccine.,Real Author,1
N0024,Update on renewable energy,A new report from the health ministry outlines updated guidelines for renewable energy.,Real Author,1
N0693,You need to see this about the election,Doctors HATE this one trick about the election that big companies don't want you to know.,Unknown,0
N0399,Update on artificial intelligence,Scientists at a leading university published a peer reviewed study on artificial intelligence.,Real Author,1
N0797,You need to see this about the economy,Doctors HATE this one trick about the economy that big companies don't want you to know.,Unknown,0
N0742,You need to see this about climate change,Experts are TERRIFIED after new claims about climate change go viral overnight.,Unknown,0
N0140,Update on the new vaccine,Officials confirmed that the the new vaccine project will proceed as planned next quarter.,Real Author,1
N0251,Update on space exploration,The stock market showed a moderate change following news about space exploration.,Real Author,1
N0175,Update on artificial intelligence,The government announced a new policy on artificial intelligence today after a cabinet meeting.,Real Author,1
N0324,Update on the economy,A new report from the health ministry outlines updated guidelines for the economy.,Real Author,1
N0596,You need to see this about the new vaccine,SHOCKING: You won't believe what the new vaccine is secretly hiding from you!!!,Unknown,0
N0526,You need to see this about the education system,Doctors HATE this one trick about the education system that big companies don't want you to know.,Unknown,0
N0424,You need to see this about space exploration,SHOCKING: You won't believe what space exploration is secretly hiding from you!!!,Unknown,0
N0597,You need to see this about cryptocurrency,"This miracle cure for cryptocurrency was banned by the government, sources say.",Unknown,0
N0605,You need to see this about the election,Experts are TERRIFIED after new claims about the election go viral overnight.,Unknown,0
N0535,You need to see this about climate change,"This miracle cure for climate change was banned by the government, sources say.",Unknown,0
N0266,Update on the housing market,A new report from the health ministry outlines updated guidelines for the housing market.,Real Author,1
N0110,Update on climate change,The company released its quarterly earnings report showing growth in climate change.,Real Author,1
N0667,You need to see this about artificial intelligence,Experts are TERRIFIED after new claims about artificial intelligence go viral overnight.,Unknown,0
N0295,Update on space exploration,The government announced a new policy on space exploration today after a cabinet meeting.,Real Author,1
N0337,Update on the new vaccine,A new report from the health ministry outlines updated guidelines for the new vaccine.,Real Author,1
N0369,Update on the housing market,Officials confirmed that the the housing market project will proceed as planned next quarter.,Real Author,1
N0447,You need to see this about the economy,"BREAKING: Aliens confirmed to be behind the the economy conspiracy, insiders claim.",Unknown,0
N0334,Update on artificial intelligence,The company released its quarterly earnings report showing growth in artificial intelligence.,Real Author,1
N0199,Update on the housing market,The stock market showed a moderate change following news about the housing market.,Real Author,1
N0169,Update on the education system,The stock market showed a moderate change following news about the education system.,Real Author,1
N0482,You need to see this about the new vaccine,"BREAKING: Aliens confirmed to be behind the the new vaccine conspiracy, insiders claim.",Unknown,0
N0724,You need to see this about cryptocurrency,"Celebrity secretly reveals cryptocurrency is a total hoax, fans are furious.",Unknown,0
N0656,You need to see this about cryptocurrency,Doctors HATE this one trick about cryptocurrency that big companies don't want you to know.,Unknown,0
N0307,Update on renewable energy,The company released its quarterly earnings report showing growth in renewable energy.,Real Author,1
N0232,Update on space exploration,Officials confirmed that the space exploration project will proceed as planned next quarter.,Real Author,1
N0423,You need to see this about the election,"BREAKING: Aliens confirmed to be behind the the election conspiracy, insiders claim.",Unknown,0
N0050,Update on artificial intelligence,Scientists at a leading university published a peer reviewed study on artificial intelligence.,Real Author,1
N0788,You need to see this about space exploration,"Celebrity secretly reveals space exploration is a total hoax, fans are furious.",Unknown,0
N0358,Update on the new vaccine,Scientists at a leading university published a peer reviewed study on the new vaccine.,Real Author,1
N0087,Update on the economy,The government announced a new policy on the economy today after a cabinet meeting.,Real Author,1
N0546,You need to see this about the election,"This miracle cure for the election was banned by the government, sources say.",Unknown,0
N0193,Update on the election,The stock market showed a moderate change following news about the election.,Real Author,1
N0796,You need to see this about cryptocurrency,SHOCKING: You won't believe what cryptocurrency is secretly hiding from you!!!,Unknown,0
N0034,Update on the election,Officials confirmed that the the election project will proceed as planned next quarter.,Real Author,1
N0032,Update on climate change,Scientists at a leading university published a peer reviewed study on climate change.,Real Author,1
N0200,Update on the economy,The government announced a new policy on the economy today after a cabinet meeting.,Real Author,1
N0366,Update on the election,The government announced a new policy on the election today after a cabinet meeting.,Real Author,1
N0487,You need to see this about renewable energy,SHOCKING: You won't believe what renewable energy is secretly hiding from you!!!,Unknown,0
N0595,You need to see this about the new vaccine,Doctors HATE this one trick about the new vaccine that big companies don't want you to know.,Unknown,0
N0569,You need to see this about renewable energy,SHOCKING: You won't believe what renewable energy is secretly hiding from you!!!,Unknown,0
N0429,You need to see this about space exploration,Experts are TERRIFIED after new claims about space exploration go viral overnight.,Unknown,0
N0138,Update on the education system,The government announced a new policy on the education system today after a cabinet meeting.,Real Author,1
N0073,Update on artificial intelligence,The government announced a new policy on artificial intelligence today after a cabinet meeting.,Real Author,1
N0078,Update on the new vaccine,A new report from the health ministry outlines updated guidelines for the new vaccine.,Real Author,1
N0513,You need to see this about the housing market,"Celebrity secretly reveals the housing market is a total hoax, fans are furious.",Unknown,0
N0784,You need to see this about renewable energy,Experts are TERRIFIED after new claims about renewable energy go viral overnight.,Unknown,0
N0787,You need to see this about the housing market,"BREAKING: Aliens confirmed to be behind the the housing market conspiracy, insiders claim.",Unknown,0
N0276,Update on climate change,The stock market showed a moderate change following news about climate change.,Real Author,1
N0362,Update on the election,The stock market showed a moderate change following news about the election.,Real Author,1
N0097,Update on the education system,A new report from the health ministry outlines updated guidelines for the education system.,Real Author,1
N0642,You need to see this about renewable energy,SHOCKING: You won't believe what renewable energy is secretly hiding from you!!!,Unknown,0
N0716,You need to see this about climate change,"This miracle cure for climate change was banned by the government, sources say.",Unknown,0
N0282,Update on the economy,The government announced a new policy on the economy today after a cabinet meeting.,Real Author,1
N0394,Update on renewable energy,Scientists at a leading university published a peer reviewed study on renewable energy.,Real Author,1
N0629,You need to see this about the economy,"BREAKING: Aliens confirmed to be behind the the economy conspiracy, insiders claim.",Unknown,0
N0609,You need to see this about the election,Experts are TERRIFIED after new claims about the election go viral overnight.,Unknown,0
N0706,You need to see this about renewable energy,"BREAKING: Aliens confirmed to be behind the renewable energy conspiracy, insiders claim.",Unknown,0
N0755,You need to see this about renewable energy,Doctors HATE this one trick about renewable energy that big companies don't want you to know.,Unknown,0
N0055,Update on the education system,A new report from the health ministry outlines updated guidelines for the education system.,Real Author,1
N0751,You need to see this about cryptocurrency,"BREAKING: Aliens confirmed to be behind the cryptocurrency conspiracy, insiders claim.",Unknown,0
N0156,Update on renewable energy,A new report from the health ministry outlines updated guidelines for renewable energy.,Real Author,1
N0433,You need to see this about climate change,Doctors HATE this one trick about climate change that big companies don't want you to know.,Unknown,0
N0098,Update on the housing market,Scientists at a leading university published a peer reviewed study on the housing market.,Real Author,1
N0121,Update on space exploration,The government announced a new policy on space exploration today after a cabinet meeting.,Real Author,1
N0077,Update on the election,A new report from the health ministry outlines updated guidelines for the election.,Real Author,1
N0205,Update on the economy,The government announced a new policy on the economy today after a cabinet meeting.,Real Author,1
N0353,Update on artificial intelligence,Scientists at a leading university published a peer reviewed study on artificial intelligence.,Real Author,1
N0765,You need to see this about the new vaccine,"BREAKING: Aliens confirmed to be behind the the new vaccine conspiracy, insiders claim.",Unknown,0
N0209,Update on cryptocurrency,A new report from the health ministry outlines updated guidelines for cryptocurrency.,Real Author,1
N0368,Update on the election,A new report from the health ministry outlines updated guidelines for the election.,Real Author,1
N0426,You need to see this about climate change,Experts are TERRIFIED after new claims about climate change go viral overnight.,Unknown,0
N0516,You need to see this about the election,"BREAKING: Aliens confirmed to be behind the the election conspiracy, insiders claim.",Unknown,0
N0085,Update on the economy,A new report from the health ministry outlines updated guidelines for the economy.,Real Author,1
N0011,Update on the education system,Scientists at a leading university published a peer reviewed study on the education system.,Real Author,1
N0721,You need to see this about the election,"Celebrity secretly reveals the election is a total hoax, fans are furious.",Unknown,0
N0111,Update on the economy,Scientists at a leading university published a peer reviewed study on the economy.,Real Author,1
N0522,You need to see this about artificial intelligence,"Celebrity secretly reveals artificial intelligence is a total hoax, fans are furious.",Unknown,0
N0778,You need to see this about artificial intelligence,"Celebrity secretly reveals artificial intelligence is a total hoax, fans are furious.",Unknown,0
N0210,Update on the new vaccine,Officials confirmed that the the new vaccine project will proceed as planned next quarter.,Real Author,1
N0236,Update on the education system,Officials confirmed that the the education system project will proceed as planned next quarter.,Real Author,1
N0317,Update on space exploration,The government announced a new policy on space exploration today after a cabinet meeting.,Real Author,1
N0389,Update on the education system,Officials confirmed that the the education system project will proceed as planned next quarter.,Real Author,1
N0119,Update on renewable energy,Scientists at a leading university published a peer reviewed study on renewable energy.,Real Author,1
N0720,You need to see this about climate change,Doctors HATE this one trick about climate change that big companies don't want you to know.,Unknown,0
N0211,Update on the new vaccine,The government announced a new policy on the new vaccine today after a cabinet meeting.,Real Author,1
N0255,Update on climate change,The company released its quarterly earnings report showing growth in climate change.,Real Author,1
N0592,You need to see this about the housing market,Doctors HATE this one trick about the housing market that big companies don't want you to know.,Unknown,0
N0030,Update on climate change,The government announced a new policy on climate change today after a cabinet meeting.,Real Author,1
N0267,Update on the economy,The stock market showed a moderate change following news about the economy.,Real Author,1
N0657,You need to see this about climate change,Experts are TERRIFIED after new claims about climate change go viral overnight.,Unknown,0
N0663,You need to see this about renewable energy,SHOCKING: You won't believe what renewable energy is secretly hiding from you!!!,Unknown,0
N0297,Update on renewable energy,The company released its quarterly earnings report showing growth in renewable energy.,Real Author,1
N0082,Update on space exploration,Scientists at a leading university published a peer reviewed study on space exploration.,Real Author,1
N0689,You need to see this about space exploration,"Celebrity secretly reveals space exploration is a total hoax, fans are furious.",Unknown,0
N0303,Update on the new vaccine,The company released its quarterly earnings report showing growth in the new vaccine.,Real Author,1
N0507,You need to see this about renewable energy,"BREAKING: Aliens confirmed to be behind the renewable energy conspiracy, insiders claim.",Unknown,0
N0759,You need to see this about cryptocurrency,Doctors HATE this one trick about cryptocurrency that big companies don't want you to know.,Unknown,0
N0315,Update on the housing market,The company released its quarterly earnings report showing growth in the housing market.,Real Author,1
N0645,You need to see this about artificial intelligence,SHOCKING: You won't believe what artificial intelligence is secretly hiding from you!!!,Unknown,0
N0410,You need to see this about renewable energy,Experts are TERRIFIED after new claims about renewable energy go viral overnight.,Unknown,0
N0212,Update on the election,The stock market showed a moderate change following news about the election.,Real Author,1
N0533,You need to see this about the education system,"This miracle cure for the education system was banned by the government, sources say.",Unknown,0
N0484,You need to see this about the economy,Doctors HATE this one trick about the economy that big companies don't want you to know.,Unknown,0
N0219,Update on the new vaccine,Scientists at a leading university published a peer reviewed study on the new vaccine.,Real Author,1
N0008,Update on climate change,Scientists at a leading university published a peer reviewed study on climate change.,Real Author,1
N0465,You need to see this about climate change,Doctors HATE this one trick about climate change that big companies don't want you to know.,Unknown,0
N0102,Update on artificial intelligence,Officials confirmed that the artificial intelligence project will proceed as planned next quarter.,Real Author,1
N0327,Update on the election,Officials confirmed that the the election project will proceed as planned next quarter.,Real Author,1
N0653,You need to see this about space exploration,"This miracle cure for space exploration was banned by the government, sources say.",Unknown,0
N0538,You need to see this about the election,"Celebrity secretly reveals the election is a total hoax, fans are furious.",Unknown,0
N0641,You need to see this about artificial intelligence,SHOCKING: You won't believe what artificial intelligence is secretly hiding from you!!!,Unknown,0
N0003,Update on space exploration,Scientists at a leading university published a peer reviewed study on space exploration.,Real Author,1
N0739,You need to see this about renewable energy,SHOCKING: You won't believe what renewable energy is secretly hiding from you!!!,Unknown,0
N0777,You need to see this about the election,Experts are TERRIFIED after new claims about the election go viral overnight.,Unknown,0
N0520,You need to see this about the housing market,SHOCKING: You won't believe what the housing market is secretly hiding from you!!!,Unknown,0
N0590,You need to see this about the economy,"BREAKING: Aliens confirmed to be behind the the economy conspiracy, insiders claim.",Unknown,0
N0799,You need to see this about the new vaccine,"BREAKING: Aliens confirmed to be behind the the new vaccine conspiracy, insiders claim.",Unknown,0
N0745,You need to see this about cryptocurrency,"Celebrity secretly reveals cryptocurrency is a total hoax, fans are furious.",Unknown,0
N0514,You need to see this about the economy,"This miracle cure for the economy was banned by the government, sources say.",Unknown,0
N0671,You need to see this about climate change,"This miracle cure for climate change was banned by the government, sources say.",Unknown,0
N0265,Update on cryptocurrency,The stock market showed a moderate change following news about cryptocurrency.,Real Author,1
N0616,You need to see this about artificial intelligence,"Celebrity secretly reveals artificial intelligence is a total hoax, fans are furious.",Unknown,0
N0330,Update on space exploration,Officials confirmed that the space exploration project will proceed as planned next quarter.,Real Author,1
N0343,Update on renewable energy,Scientists at a leading university published a peer reviewed study on renewable energy.,Real Author,1
N0395,Update on renewable energy,A new report from the health ministry outlines updated guidelines for renewable energy.,Real Author,1
N0080,Update on the election,The company released its quarterly earnings report showing growth in the election.,Real Author,1
N0149,Update on renewable energy,Scientists at a leading university published a peer reviewed study on renewable energy.,Real Author,1
N0351,Update on the economy,The company released its quarterly earnings report showing growth in the economy.,Real Author,1
N0383,Update on artificial intelligence,The company released its quarterly earnings report showing growth in artificial intelligence.,Real Author,1
N0441,You need to see this about the new vaccine,Experts are TERRIFIED after new claims about the new vaccine go viral overnight.,Unknown,0
N0310,Update on the election,Scientists at a leading university published a peer reviewed study on the election.,Real Author,1
N0708,You need to see this about climate change,"This miracle cure for climate change was banned by the government, sources say.",Unknown,0
N0134,Update on the election,Officials confirmed that the the election project will proceed as planned next quarter.,Real Author,1
N0382,Update on climate change,Officials confirmed that the climate change project will proceed as planned next quarter.,Real Author,1
N0214,Update on space exploration,The company released its quarterly earnings report showing growth in space exploration.,Real Author,1
N0660,You need to see this about the housing market,SHOCKING: You won't believe what the housing market is secretly hiding from you!!!,Unknown,0
N0056,Update on the election,The company released its quarterly earnings report showing growth in the election.,Real Author,1
N0737,You need to see this about the election,"BREAKING: Aliens confirmed to be behind the the election conspiracy, insiders claim.",Unknown,0
N0621,You need to see this about the economy,"Celebrity secretly reveals the economy is a total hoax, fans are furious.",Unknown,0
N0583,You need to see this about the election,Doctors HATE this one trick about the election that big companies don't want you to know.,Unknown,0
N0674,You need to see this about artificial intelligence,Doctors HATE this one trick about artificial intelligence that big companies don't want you to know.,Unknown,0
N0528,You need to see this about renewable energy,SHOCKING: You won't believe what renewable energy is secretly hiding from you!!!,Unknown,0
N0197,Update on renewable energy,The stock market showed a moderate change following news about renewable energy.,Real Author,1
N0714,You need to see this about renewable energy,"This miracle cure for renewable energy was banned by the government, sources say.",Unknown,0
N0690,You need to see this about space exploration,Doctors HATE this one trick about space exploration that big companies don't want you to know.,Unknown,0
N0061,Update on renewable energy,The government announced a new policy on renewable energy today after a cabinet meeting.,Real Author,1
N0577,You need to see this about climate change,"BREAKING: Aliens confirmed to be behind the climate change conspiracy, insiders claim.",Unknown,0
N0632,You need to see this about the new vaccine,SHOCKING: You won't believe what the new vaccine is secretly hiding from you!!!,Unknown,0
N0432,You need to see this about cryptocurrency,"BREAKING: Aliens confirmed to be behind the cryptocurrency conspiracy, insiders claim.",Unknown,0
N0604,You need to see this about the economy,"This miracle cure for the economy was banned by the government, sources say.",Unknown,0
N0443,You need to see this about the economy,"Celebrity secretly reveals the economy is a total hoax, fans are furious.",Unknown,0
N0437,You need to see this about the education system,Doctors HATE this one trick about the education system that big companies don't want you to know.,Unknown,0
N0248,Update on the election,The government announced a new policy on the election today after a cabinet meeting.,Real Author,1
N0587,You need to see this about the new vaccine,Experts are TERRIFIED after new claims about the new vaccine go viral overnight.,Unknown,0
N0570,You need to see this about the education system,"This miracle cure for the education system was banned by the government, sources say.",Unknown,0
N0091,Update on climate change,The government announced a new policy on climate change today after a cabinet meeting.,Real Author,1
N0651,You need to see this about the housing market,Experts are TERRIFIED after new claims about the housing market go viral overnight.,Unknown,0
N0182,Update on climate change,Scientists at a leading university published a peer reviewed study on climate change.,Real Author,1
N0791,You need to see this about the election,Experts are TERRIFIED after new claims about the election go viral overnight.,Unknown,0
N0555,You need to see this about artificial intelligence,"Celebrity secretly reveals artificial intelligence is a total hoax, fans are furious.",Unknown,0
N0291,Update on the housing market,Scientists at a leading university published a peer reviewed study on the housing market.,Real Author,1
N0159,Update on climate change,Scientists at a leading university published a peer reviewed study on climate change.,Real Author,1
N0070,Update on the economy,The company released its quarterly earnings report showing growth in the economy.,Real Author,1
N0518,You need to see this about the education system,SHOCKING: You won't believe what the education system is secretly hiding from you!!!,Unknown,0
N0132,Update on renewable energy,Scientists at a leading university published a peer reviewed study on renewable energy.,Real Author,1
N0045,Update on artificial intelligence,The government announced a new policy on artificial intelligence today after a cabinet meeting.,Real Author,1
N0071,Update on climate change,The company released its quarterly earnings report showing growth in climate change.,Real Author,1
N0692,You need to see this about cryptocurrency,SHOCKING: You won't believe what cryptocurrency is secretly hiding from you!!!,Unknown,0
N0356,Update on space exploration,Scientists at a leading university published a peer reviewed study on space exploration.,Real Author,1
N0445,You need to see this about renewable energy,"This miracle cure for renewable energy was banned by the government, sources say.",Unknown,0
N0762,You need to see this about the education system,SHOCKING: You won't believe what the education system is secretly hiding from you!!!,Unknown,0
N0136,Update on renewable energy,A new report from the health ministry outlines updated guidelines for renewable energy.,Real Author,1
N0083,Update on artificial intelligence,Scientists at a leading university published a peer reviewed study on artificial intelligence.,Real Author,1
N0166,Update on cryptocurrency,The government announced a new policy on cryptocurrency today after a cabinet meeting.,Real Author,1
N0165,Update on cryptocurrency,The government announced a new policy on cryptocurrency today after a cabinet meeting.,Real Author,1
N0029,Update on cryptocurrency,Scientists at a leading university published a peer reviewed study on cryptocurrency.,Real Author,1
N0449,You need to see this about climate change,"This miracle cure for climate change was banned by the government, sources say.",Unknown,0
N0194,Update on cryptocurrency,Scientists at a leading university published a peer reviewed study on cryptocurrency.,Real Author,1
N0240,Update on cryptocurrency,The stock market showed a moderate change following news about cryptocurrency.,Real Author,1
N0725,You need to see this about the election,"This miracle cure for the election was banned by the government, sources say.",Unknown,0
N0731,You need to see this about renewable energy,Doctors HATE this one trick about renewable energy that big companies don't want you to know.,Unknown,0
N0137,Update on climate change,The government announced a new policy on climate change today after a cabinet meeting.,Real Author,1
N0665,You need to see this about the education system,Doctors HATE this one trick about the education system that big companies don't want you to know.,Unknown,0
N0312,Update on artificial intelligence,A new report from the health ministry outlines updated guidelines for artificial intelligence.,Real Author,1
N0141,Update on renewable energy,Officials confirmed that the renewable energy project will proceed as planned next quarter.,Real Author,1
N0474,You need to see this about space exploration,"BREAKING: Aliens confirmed to be behind the space exploration conspiracy, insiders claim.",Unknown,0
N0007,Update on the economy,The government announced a new policy on the economy today after a cabinet meeting.,Real Author,1
N0729,You need to see this about the education system,Experts are TERRIFIED after new claims about the education system go viral overnight.,Unknown,0
N0756,You need to see this about climate change,"BREAKING: Aliens confirmed to be behind the climate change conspiracy, insiders claim.",Unknown,0
N0074,Update on the election,Officials confirmed that the the election project will proceed as planned next quarter.,Real Author,1
N0560,You need to see this about the housing market,Doctors HATE this one trick about the housing market that big companies don't want you to know.,Unknown,0
N0300,Update on renewable energy,A new report from the health ministry outlines updated guidelines for renewable energy.,Real Author,1
N0146,Update on renewable energy,The stock market showed a moderate change following news about renewable energy.,Real Author,1
N0293,Update on the education system,Officials confirmed that the the education system project will proceed as planned next quarter.,Real Author,1
N0235,Update on artificial intelligence,The company released its quarterly earnings report showing growth in artificial intelligence.,Real Author,1
N0221,Update on the housing market,The government announced a new policy on the housing market today after a cabinet meeting.,Real Author,1
N0451,You need to see this about cryptocurrency,Experts are TERRIFIED after new claims about cryptocurrency go viral overnight.,Unknown,0
N0381,Update on the housing market,Officials confirmed that the the housing market project will proceed as planned next quarter.,Real Author,1
N0133,Update on the housing market,Scientists at a leading university published a peer reviewed study on the housing market.,Real Author,1
N0376,Update on artificial intelligence,A new report from the health ministry outlines updated guidelines for artificial intelligence.,Real Author,1
N0405,You need to see this about the economy,"Celebrity secretly reveals the economy is a total hoax, fans are furious.",Unknown,0
N0523,You need to see this about renewable energy,Experts are TERRIFIED after new claims about renewable energy go viral overnight.,Unknown,0
N0750,You need to see this about the economy,"BREAKING: Aliens confirmed to be behind the the economy conspiracy, insiders claim.",Unknown,0
N0427,You need to see this about the education system,Experts are TERRIFIED after new claims about the education system go viral overnight.,Unknown,0
N0042,Update on renewable energy,Officials confirmed that the renewable energy project will proceed as planned next quarter.,Real Author,1
N0496,You need to see this about the election,SHOCKING: You won't believe what the election is secretly hiding from you!!!,Unknown,0
N0109,Update on space exploration,The government announced a new policy on space exploration today after a cabinet meeting.,Real Author,1
N0345,Update on the housing market,The stock market showed a moderate change following news about the housing market.,Real Author,1
N0057,Update on cryptocurrency,Officials confirmed that the cryptocurrency project will proceed as planned next quarter.,Real Author,1
N0260,Update on the election,A new report from the health ministry outlines updated guidelines for the election.,Real Author,1
N0480,You need to see this about climate change,"Celebrity secretly reveals climate change is a total hoax, fans are furious.",Unknown,0
N0626,You need to see this about the election,Experts are TERRIFIED after new claims about the election go viral overnight.,Unknown,0
N0228,Update on space exploration,Scientists at a leading university published a peer reviewed study on space exploration.,Real Author,1
N0213,Update on the economy,The stock market showed a moderate change following news about the economy.,Real Author,1
N0594,You need to see this about the housing market,"Celebrity secretly reveals the housing market is a total hoax, fans are furious.",Unknown,0
N0333,Update on the economy,Officials confirmed that the the economy project will proceed as planned next quarter.,Real Author,1
N0025,Update on climate change,Officials confirmed that the climate change project will proceed as planned next quarter.,Real Author,1
N0781,You need to see this about the new vaccine,"Celebrity secretly reveals the new vaccine is a total hoax, fans are furious.",Unknown,0
N0352,Update on the education system,The government announced a new policy on the education system today after a cabinet meeting.,Real Author,1
N0357,Update on the economy,A new report from the health ministry outlines updated guidelines for the economy.,Real Author,1
N0052,Update on renewable energy,Scientists at a leading university published a peer reviewed study on renewable energy.,Real Author,1
N0332,Update on the housing market,Officials confirmed that the the housing market project will proceed as planned next quarter.,Real Author,1
N0734,You need to see this about the housing market,Experts are TERRIFIED after new claims about the housing market go viral overnight.,Unknown,0
N0630,You need to see this about renewable energy,SHOCKING: You won't believe what renewable energy is secretly hiding from you!!!,Unknown,0
N0502,You need to see this about renewable energy,"Celebrity secretly reveals renewable energy is a total hoax, fans are furious.",Unknown,0
N0335,Update on the housing market,The company released its quarterly earnings report showing growth in the housing market.,Real Author,1
N0286,Update on cryptocurrency,Scientists at a leading university published a peer reviewed study on cryptocurrency.,Real Author,1
N0019,Update on climate change,The government announced a new policy on climate change today after a cabinet meeting.,Real Author,1
N0585,You need to see this about climate change,Experts are TERRIFIED after new claims about climate change go viral overnight.,Unknown,0
N0749,You need to see this about the housing market,Experts are TERRIFIED after new claims about the housing market go viral overnight.,Unknown,0
N0084,Update on the education system,A new report from the health ministry outlines updated guidelines for the education system.,Real Author,1
N0062,Update on the economy,The government announced a new policy on the economy today after a cabinet meeting.,Real Author,1
N0463,You need to see this about cryptocurrency,"Celebrity secretly reveals cryptocurrency is a total hoax, fans are furious.",Unknown,0
N0292,Update on the new vaccine,The company released its quarterly earnings report showing growth in the new vaccine.,Real Author,1
N0448,You need to see this about renewable energy,SHOCKING: You won't believe what renewable energy is secretly hiding from you!!!,Unknown,0
N0183,Update on artificial intelligence,The stock market showed a moderate change following news about artificial intelligence.,Real Author,1
N0550,You need to see this about the election,"Celebrity secretly reveals the election is a total hoax, fans are furious.",Unknown,0
N0501,You need to see this about the economy,Doctors HATE this one trick about the economy that big companies don't want you to know.,Unknown,0
N0224,Update on space exploration,The stock market showed a moderate change following news about space exploration.,Real Author,1
N0425,You need to see this about space exploration,"BREAKING: Aliens confirmed to be behind the space exploration conspiracy, insiders claim.",Unknown,0
N0468,You need to see this about space exploration,Doctors HATE this one trick about space exploration that big companies don't want you to know.,Unknown,0
N0320,Update on renewable energy,Officials confirmed that the renewable energy project will proceed as planned next quarter.,Real Author,1
N0329,Update on the education system,A new report from the health ministry outlines updated guidelines for the education system.,Real Author,1
N0444,You need to see this about the election,"This miracle cure for the election was banned by the government, sources say.",Unknown,0
N0494,You need to see this about the economy,"This miracle cure for the economy was banned by the government, sources say.",Unknown,0
N0177,Update on cryptocurrency,A new report from the health ministry outlines updated guidelines for cryptocurrency.,Real Author,1
N0677,You need to see this about climate change,Experts are TERRIFIED after new claims about climate change go viral overnight.,Unknown,0
N0364,Update on cryptocurrency,The company released its quarterly earnings report showing growth in cryptocurrency.,Real Author,1
N0164,Update on space exploration,A new report from the health ministry outlines updated guidelines for space exploration.,Real Author,1
N0249,Update on the housing market,The government announced a new policy on the housing market today after a cabinet meeting.,Real Author,1
N0519,You need to see this about the education system,"This miracle cure for the education system was banned by the government, sources say.",Unknown,0
N0711,You need to see this about the education system,"BREAKING: Aliens confirmed to be behind the the education system conspiracy, insiders claim.",Unknown,0
N0075,Update on the new vaccine,Officials confirmed that the the new vaccine project will proceed as planned next quarter.,Real Author,1
N0644,You need to see this about the housing market,"Celebrity secretly reveals the housing market is a total hoax, fans are furious.",Unknown,0
N0406,You need to see this about space exploration,SHOCKING: You won't believe what space exploration is secretly hiding from you!!!,Unknown,0
N0105,Update on space exploration,The government announced a new policy on space exploration today after a cabinet meeting.,Real Author,1
N0115,Update on the election,The company released its quarterly earnings report showing growth in the election.,Real Author,1
N0301,Update on the education system,Officials confirmed that the the education system project will proceed as planned next quarter.,Real Author,1
N0093,Update on the education system,Scientists at a leading university published a peer reviewed study on the education system.,Real Author,1
N0412,You need to see this about the economy,SHOCKING: You won't believe what the economy is secretly hiding from you!!!,Unknown,0
N0090,Update on space exploration,A new report from the health ministry outlines updated guidelines for space exploration.,Real Author,1
N0529,You need to see this about the economy,Experts are TERRIFIED after new claims about the economy go viral overnight.,Unknown,0
N0735,You need to see this about climate change,"BREAKING: Aliens confirmed to be behind the climate change conspiracy, insiders claim.",Unknown,0
N0744,You need to see this about the education system,SHOCKING: You won't believe what the education system is secretly hiding from you!!!,Unknown,0
N0576,You need to see this about the housing market,Experts are TERRIFIED after new claims about the housing market go viral overnight.,Unknown,0
N0498,You need to see this about cryptocurrency,"Celebrity secretly reveals cryptocurrency is a total hoax, fans are furious.",Unknown,0
N0495,You need to see this about artificial intelligence,"Celebrity secretly reveals artificial intelligence is a total hoax, fans are furious.",Unknown,0
N0012,Update on the education system,Officials confirmed that the the education system project will proceed as planned next quarter.,Real Author,1
N0434,You need to see this about the election,Doctors HATE this one trick about the election that big companies don't want you to know.,Unknown,0
N0044,Update on the education system,Scientists at a leading university published a peer reviewed study on the education system.,Real Author,1
N0043,Update on the election,The company released its quarterly earnings report showing growth in the election.,Real Author,1
N0168,Update on cryptocurrency,A new report from the health ministry outlines updated guidelines for cryptocurrency.,Real Author,1
N0704,You need to see this about climate change,Experts are TERRIFIED after new claims about climate change go viral overnight.,Unknown,0
N0614,You need to see this about climate change,Doctors HATE this one trick about climate change that big companies don't want you to know.,Unknown,0
N0413,You need to see this about the election,Doctors HATE this one trick about the election that big companies don't want you to know.,Unknown,0
N0179,Update on the education system,Scientists at a leading university published a peer reviewed study on the education system.,Real Author,1
N0531,You need to see this about the new vaccine,"BREAKING: Aliens confirmed to be behind the the new vaccine conspiracy, insiders claim.",Unknown,0
N0540,You need to see this about renewable energy,"This miracle cure for renewable energy was banned by the government, sources say.",Unknown,0
N0178,Update on climate change,The government announced a new policy on climate change today after a cabinet meeting.,Real Author,1
N0666,You need to see this about the housing market,"This miracle cure for the housing market was banned by the government, sources say.",Unknown,0
N0767,You need to see this about artificial intelligence,SHOCKING: You won't believe what artificial intelligence is secretly hiding from you!!!,Unknown,0
N0258,Update on the housing market,The stock market showed a moderate change following news about the housing market.,Real Author,1
N0766,You need to see this about the election,"BREAKING: Aliens confirmed to be behind the the election conspiracy, insiders claim.",Unknown,0
N0544,You need to see this about cryptocurrency,"Celebrity secretly reveals cryptocurrency is a total hoax, fans are furious.",Unknown,0
N0016,Update on the housing market,The stock market showed a moderate change following news about the housing market.,Real Author,1
N0004,Update on climate change,The company released its quarterly earnings report showing growth in climate change.,Real Author,1
N0336,Update on the new vaccine,Officials confirmed that the the new vaccine project will proceed as planned next quarter.,Real Author,1
N0257,Update on the election,The company released its quarterly earnings report showing growth in the election.,Real Author,1
N0581,You need to see this about the economy,"Celebrity secretly reveals the economy is a total hoax, fans are furious.",Unknown,0
N0446,You need to see this about artificial intelligence,Doctors HATE this one trick about artificial intelligence that big companies don't want you to know.,Unknown,0
N0339,Update on the housing market,A new report from the health ministry outlines updated guidelines for the housing market.,Real Author,1
N0479,You need to see this about space exploration,"This miracle cure for space exploration was banned by the government, sources say.",Unknown,0
N0418,You need to see this about the education system,"BREAKING: Aliens confirmed to be behind the the education system conspiracy, insiders claim.",Unknown,0
N0639,You need to see this about the election,"This miracle cure for the election was banned by the government, sources say.",Unknown,0
N0715,You need to see this about the housing market,Experts are TERRIFIED after new claims about the housing market go viral overnight.,Unknown,0
N0325,Update on the housing market,Officials confirmed that the the housing market project will proceed as planned next quarter.,Real Author,1
N0458,You need to see this about cryptocurrency,Doctors HATE this one trick about cryptocurrency that big companies don't want you to know.,Unknown,0
N0010,Update on cryptocurrency,The government announced a new policy on cryptocurrency today after a cabinet meeting.,Real Author,1
N0250,Update on the education system,A new report from the health ministry outlines updated guidelines for the education system.,Real Author,1
N0023,Update on the economy,The company released its quarterly earnings report showing growth in the economy.,Real Author,1
N0222,Update on the new vaccine,The company released its quarterly earnings report showing growth in the new vaccine.,Real Author,1
N0548,You need to see this about the election,SHOCKING: You won't believe what the election is secretly hiding from you!!!,Unknown,0
N0691,You need to see this about artificial intelligence,Doctors HATE this one trick about artificial intelligence that big companies don't want you to know.,Unknown,0
N0785,You need to see this about the housing market,"This miracle cure for the housing market was banned by the government, sources say.",Unknown,0
N0627,You need to see this about the new vaccine,Experts are TERRIFIED after new claims about the new vaccine go viral overnight.,Unknown,0
N0341,Update on the economy,The government announced a new policy on the economy today after a cabinet meeting.,Real Author,1
N0672,You need to see this about cryptocurrency,"This miracle cure for cryptocurrency was banned by the government, sources say.",Unknown,0
N0204,Update on the housing market,A new report from the health ministry outlines updated guidelines for the housing market.,Real Author,1
N0238,Update on the economy,The government announced a new policy on the economy today after a cabinet meeting.,Real Author,1
N0094,Update on the new vaccine,The company released its quarterly earnings report showing growth in the new vaccine.,Real Author,1
N0532,You need to see this about the education system,SHOCKING: You won't believe what the education system is secretly hiding from you!!!,Unknown,0
N0363,Update on the new vaccine,A new report from the health ministry outlines updated guidelines for the new vaccine.,Real Author,1
N0545,You need to see this about the new vaccine,SHOCKING: You won't believe what the new vaccine is secretly hiding from you!!!,Unknown,0
N0285,Update on renewable energy,Officials confirmed that the renewable energy project will proceed as planned next quarter.,Real Author,1
N0185,Update on the education system,The company released its quarterly earnings report showing growth in the education system.,Real Author,1
N0650,You need to see this about the election,"Celebrity secretly reveals the election is a total hoax, fans are furious.",Unknown,0
N0397,Update on the housing market,The stock market showed a moderate change following news about the housing market.,Real Author,1
N0154,Update on artificial intelligence,The government announced a new policy on artificial intelligence today after a cabinet meeting.,Real Author,1
N0076,Update on the economy,The company released its quarterly earnings report showing growth in the economy.,Real Author,1
N0454,You need to see this about the election,SHOCKING: You won't believe what the election is secretly hiding from you!!!,Unknown,0
N0696,You need to see this about climate change,Experts are TERRIFIED after new claims about climate change go viral overnight.,Unknown,0
N0278,Update on cryptocurrency,The stock market showed a moderate change following news about cryptocurrency.,Real Author,1
N0069,Update on the election,A new report from the health ministry outlines updated guidelines for the election.,Real Author,1
N0515,You need to see this about climate change,"BREAKING: Aliens confirmed to be behind the climate change conspiracy, insiders claim.",Unknown,0
N0189,Update on climate change,Scientists at a leading university published a peer reviewed study on climate change.,Real Author,1
N0272,Update on renewable energy,Officials confirmed that the renewable energy project will proceed as planned next quarter.,Real Author,1
N0237,Update on the education system,The stock market showed a moderate change following news about the education system.,Real Author,1
N0089,Update on space exploration,The government announced a new policy on space exploration today after a cabinet meeting.,Real Author,1
N0763,You need to see this about cryptocurrency,Experts are TERRIFIED after new claims about cryptocurrency go viral overnight.,Unknown,0
N0118,Update on cryptocurrency,A new report from the health ministry outlines updated guidelines for cryptocurrency.,Real Author,1
N0126,Update on the economy,The company released its quarterly earnings report showing growth in the economy.,Real Author,1
N0661,You need to see this about the new vaccine,SHOCKING: You won't believe what the new vaccine is secretly hiding from you!!!,Unknown,0
N0290,Update on the economy,The government announced a new policy on the economy today after a cabinet meeting.,Real Author,1
N0239,Update on the election,Scientists at a leading university published a peer reviewed study on the election.,Real Author,1
N0001,Update on climate change,The government announced a new policy on climate change today after a cabinet meeting.,Real Author,1
N0792,You need to see this about cryptocurrency,"This miracle cure for cryptocurrency was banned by the government, sources say.",Unknown,0
N0603,You need to see this about the election,Experts are TERRIFIED after new claims about the election go viral overnight.,Unknown,0
N0795,You need to see this about space exploration,"This miracle cure for space exploration was banned by the government, sources say.",Unknown,0
N0466,You need to see this about space exploration,"BREAKING: Aliens confirmed to be behind the space exploration conspiracy, insiders claim.",Unknown,0
N0279,Update on climate change,Scientists at a leading university published a peer reviewed study on climate change.,Real Author,1
N0625,You need to see this about space exploration,"Celebrity secretly reveals space exploration is a total hoax, fans are furious.",Unknown,0
N0117,Update on the education system,Scientists at a leading university published a peer reviewed study on the education system.,Real Author,1
N0229,Update on renewable energy,The stock market showed a moderate change following news about renewable energy.,Real Author,1
N0757,You need to see this about the education system,"BREAKING: Aliens confirmed to be behind the the education system conspiracy, insiders claim.",Unknown,0
N0421,You need to see this about artificial intelligence,Experts are TERRIFIED after new claims about artificial intelligence go viral overnight.,Unknown,0
N0435,You need to see this about artificial intelligence,Doctors HATE this one trick about artificial intelligence that big companies don't want you to know.,Unknown,0
N0275,Update on the new vaccine,The company released its quarterly earnings report showing growth in the new vaccine.,Real Author,1
N0319,Update on artificial intelligence,A new report from the health ministry outlines updated guidelines for artificial intelligence.,Real Author,1
N0552,You need to see this about renewable energy,Doctors HATE this one trick about renewable energy that big companies don't want you to know.,Unknown,0
N0145,Update on the housing market,The stock market showed a moderate change following news about the housing market.,Real Author,1
N0649,You need to see this about artificial intelligence,Experts are TERRIFIED after new claims about artificial intelligence go viral overnight.,Unknown,0
N0736,You need to see this about the housing market,"BREAKING: Aliens confirmed to be behind the the housing market conspiracy, insiders claim.",Unknown,0
N0727,You need to see this about the housing market,SHOCKING: You won't believe what the housing market is secretly hiding from you!!!,Unknown,0
N0586,You need to see this about climate change,"This miracle cure for climate change was banned by the government, sources say.",Unknown,0
N0370,Update on space exploration,The government announced a new policy on space exploration today after a cabinet meeting.,Real Author,1
N0269,Update on the housing market,A new report from the health ministry outlines updated guidelines for the housing market.,Real Author,1
N0568,You need to see this about artificial intelligence,SHOCKING: You won't believe what artificial intelligence is secretly hiding from you!!!,Unknown,0
N0308,Update on space exploration,The stock market showed a moderate change following news about space exploration.,Real Author,1
N0311,Update on the election,The stock market showed a moderate change following news about the election.,Real Author,1
N0452,You need to see this about the economy,Doctors HATE this one trick about the economy that big companies don't want you to know.,Unknown,0
N0047,Update on artificial intelligence,Officials confirmed that the artificial intelligence project will proceed as planned next quarter.,Real Author,1
N0350,Update on climate change,Officials confirmed that the climate change project will proceed as planned next quarter.,Real Author,1
N0372,Update on space exploration,The government announced a new policy on space exploration today after a cabinet meeting.,Real Author,1
N0524,You need to see this about renewable energy,SHOCKING: You won't believe what renewable energy is secretly hiding from you!!!,Unknown,0
N0262,Update on the housing market,The company released its quarterly earnings report showing growth in the housing market.,Real Author,1
N0196,Update on the election,A new report from the health ministry outlines updated guidelines for the election.,Real Author,1
N0800,You need to see this about the election,"BREAKING: Aliens confirmed to be behind the the election conspiracy, insiders claim.",Unknown,0
N0673,You need to see this about the election,SHOCKING: You won't believe what the election is secretly hiding from you!!!,Unknown,0
N0108,Update on space exploration,A new report from the health ministry outlines updated guidelines for space exploration.,Real Author,1
N0060,Update on the new vaccine,A new report from the health ministry outlines updated guidelines for the new vaccine.,Real Author,1
N0600,You need to see this about cryptocurrency,Doctors HATE this one trick about cryptocurrency that big companies don't want you to know.,Unknown,0
N0440,You need to see this about the election,Experts are TERRIFIED after new claims about the election go viral overnight.,Unknown,0
N0101,Update on the election,Officials confirmed that the the election project will proceed as planned next quarter.,Real Author,1
N0478,You need to see this about cryptocurrency,Experts are TERRIFIED after new claims about cryptocurrency go viral overnight.,Unknown,0
N0719,You need to see this about cryptocurrency,Doctors HATE this one trick about cryptocurrency that big companies don't want you to know.,Unknown,0
N0584,You need to see this about climate change,"This miracle cure for climate change was banned by the government, sources say.",Unknown,0
N0738,You need to see this about the new vaccine,Experts are TERRIFIED after new claims about the new vaccine go viral overnight.,Unknown,0
N0180,Update on the education system,The stock market showed a moderate change following news about the education system.,Real Author,1
N0305,Update on the election,Scientists at a leading university published a peer reviewed study on the election.,Real Author,1
N0430,You need to see this about renewable energy,"BREAKING: Aliens confirmed to be behind the renewable energy conspiracy, insiders claim.",Unknown,0
N0508,You need to see this about the housing market,"BREAKING: Aliens confirmed to be behind the the housing market conspiracy, insiders claim.",Unknown,0
N0771,You need to see this about the new vaccine,Experts are TERRIFIED after new claims about the new vaccine go viral overnight.,Unknown,0
N0150,Update on space exploration,The stock market showed a moderate change following news about space exploration.,Real Author,1
N0125,Update on renewable energy,The company released its quarterly earnings report showing growth in renewable energy.,Real Author,1
N0635,You need to see this about space exploration,Doctors HATE this one trick about space exploration that big companies don't want you to know.,Unknown,0
N0698,You need to see this about the economy,"BREAKING: Aliens confirmed to be behind the the economy conspiracy, insiders claim.",Unknown,0
N0186,Update on the election,A new report from the health ministry outlines updated guidelines for the election.,Real Author,1
N0542,You need to see this about the education system,Doctors HATE this one trick about the education system that big companies don't want you to know.,Unknown,0
N0051,Update on renewable energy,Officials confirmed that the renewable energy project will proceed as planned next quarter.,Real Author,1
N0488,You need to see this about renewable energy,Experts are TERRIFIED after new claims about renewable energy go viral overnight.,Unknown,0
N0790,You need to see this about the housing market,SHOCKING: You won't believe what the housing market is secretly hiding from you!!!,Unknown,0
N0486,You need to see this about cryptocurrency,"BREAKING: Aliens confirmed to be behind the cryptocurrency conspiracy, insiders claim.",Unknown,0
N0322,Update on the housing market,Officials confirmed that the the housing market project will proceed as planned next quarter.,Real Author,1
N0354,Update on climate change,The company released its quarterly earnings report showing growth in climate change.,Real Author,1
N0740,You need to see this about climate change,SHOCKING: You won't believe what climate change is secretly hiding from you!!!,Unknown,0
N0143,Update on the economy,Scientists at a leading university published a peer reviewed study on the economy.,Real Author,1
N0371,Update on cryptocurrency,The company released its quarterly earnings report showing growth in cryptocurrency.,Real Author,1
N0142,Update on space exploration,Officials confirmed that the space exploration project will proceed as planned next quarter.,Real Author,1
N0400,Update on renewable energy,Scientists at a leading university published a peer reviewed study on renewable energy.,Real Author,1
N0264,Update on the new vaccine,A new report from the health ministry outlines updated guidelines for the new vaccine.,Real Author,1
N0321,Update on the economy,Scientists at a leading university published a peer reviewed study on the economy.,Real Author,1
N0020,Update on the housing market,The government announced a new policy on the housing market today after a cabinet meeting.,Real Author,1
N0173,Update on the new vaccine,The company released its quarterly earnings report showing growth in the new vaccine.,Real Author,1
N0654,You need to see this about the economy,"Celebrity secretly reveals the economy is a total hoax, fans are furious.",Unknown,0
N0313,Update on climate change,Scientists at a leading university published a peer reviewed study on climate change.,Real Author,1
N0391,Update on cryptocurrency,The stock market showed a moderate change following news about cryptocurrency.,Real Author,1
N0746,You need to see this about the education system,"BREAKING: Aliens confirmed to be behind the the education system conspiracy, insiders claim.",Unknown,0
N0013,Update on space exploration,Officials confirmed that the space exploration project will proceed as planned next quarter.,Real Author,1
N0408,You need to see this about the housing market,"This miracle cure for the housing market was banned by the government, sources say.",Unknown,0
N0409,You need to see this about the education system,Doctors HATE this one trick about the education system that big companies don't want you to know.,Unknown,0
N0306,Update on the election,A new report from the health ministry outlines updated guidelines for the election.,Real Author,1
N0355,Update on the economy,The government announced a new policy on the economy today after a cabinet meeting.,Real Author,1
N0026,Update on climate change,A new report from the health ministry outlines updated guidelines for climate change.,Real Author,1
N0598,You need to see this about cryptocurrency,Experts are TERRIFIED after new claims about cryptocurrency go viral overnight.,Unknown,0
N0170,Update on the election,Scientists at a leading university published a peer reviewed study on the election.,Real Author,1
N0039,Update on climate change,A new report from the health ministry outlines updated guidelines for climate change.,Real Author,1
N0176,Update on the economy,Officials confirmed that the the economy project will proceed as planned next quarter.,Real Author,1
N0246,Update on climate change,Officials confirmed that the climate change project will proceed as planned next quarter.,Real Author,1
N0299,Update on cryptocurrency,The stock market showed a moderate change following news about cryptocurrency.,Real Author,1
N0669,You need to see this about cryptocurrency,Experts are TERRIFIED after new claims about cryptocurrency go viral overnight.,Unknown,0
N0417,You need to see this about renewable energy,"Celebrity secretly reveals renewable energy is a total hoax, fans are furious.",Unknown,0
N0549,You need to see this about the election,Experts are TERRIFIED after new claims about the election go viral overnight.,Unknown,0
N0273,Update on space exploration,A new report from the health ministry outlines updated guidelines for space exploration.,Real Author,1
N0612,You need to see this about the election,Doctors HATE this one trick about the election that big companies don't want you to know.,Unknown,0
N0155,Update on the economy,A new report from the health ministry outlines updated guidelines for the economy.,Real Author,1
N0127,Update on climate change,The government announced a new policy on climate change today after a cabinet meeting.,Real Author,1
N0450,You need to see this about renewable energy,SHOCKING: You won't believe what renewable energy is secretly hiding from you!!!,Unknown,0
N0572,You need to see this about the new vaccine,"This miracle cure for the new vaccine was banned by the government, sources say.",Unknown,0
N0342,Update on the housing market,Scientists at a leading university published a peer reviewed study on the housing market.,Real Author,1
N0431,You need to see this about cryptocurrency,"Celebrity secretly reveals cryptocurrency is a total hoax, fans are furious.",Unknown,0
N0288,Update on the housing market,Scientists at a leading university published a peer reviewed study on the housing market.,Real Author,1
N0114,Update on the education system,Scientists at a leading university published a peer reviewed study on the education system.,Real Author,1
N0500,You need to see this about the election,"Celebrity secretly reveals the election is a total hoax, fans are furious.",Unknown,0
N0174,Update on the election,Officials confirmed that the the election project will proceed as planned next quarter.,Real Author,1
N0360,Update on climate change,A new report from the health ministry outlines updated guidelines for climate change.,Real Author,1
N0483,You need to see this about the new vaccine,SHOCKING: You won't believe what the new vaccine is secretly hiding from you!!!,Unknown,0
N0058,Update on cryptocurrency,Officials confirmed that the cryptocurrency project will proceed as planned next quarter.,Real Author,1
N0553,You need to see this about renewable energy,"Celebrity secretly reveals renewable energy is a total hoax, fans are furious.",Unknown,0
N0223,Update on artificial intelligence,Officials confirmed that the artificial intelligence project will proceed as planned next quarter.,Real Author,1
N0281,Update on space exploration,Scientists at a leading university published a peer reviewed study on space exploration.,Real Author,1
N0018,Update on space exploration,The stock market showed a moderate change following news about space exploration.,Real Author,1
N0128,Update on the housing market,The company released its quarterly earnings report showing growth in the housing market.,Real Author,1
N0323,Update on cryptocurrency,The company released its quarterly earnings report showing growth in cryptocurrency.,Real Author,1
N0256,Update on the election,A new report from the health ministry outlines updated guidelines for the election.,Real Author,1
N0539,You need to see this about the election,"This miracle cure for the election was banned by the government, sources say.",Unknown,0
N0471,You need to see this about the housing market,"This miracle cure for the housing market was banned by the government, sources say.",Unknown,0
N0599,You need to see this about space exploration,"This miracle cure for space exploration was banned by the government, sources say.",Unknown,0
N0469,You need to see this about the education system,SHOCKING: You won't believe what the education system is secretly hiding from you!!!,Unknown,0
N0769,You need to see this about cryptocurrency,Experts are TERRIFIED after new claims about cryptocurrency go viral overnight.,Unknown,0
N0191,Update on climate change,The company released its quarterly earnings report showing growth in climate change.,Real Author,1
N0116,Update on renewable energy,Scientists at a leading university published a peer reviewed study on renewable energy.,Real Author,1
N0517,You need to see this about climate change,"This miracle cure for climate change was banned by the government, sources say.",Unknown,0
N0710,You need to see this about cryptocurrency,SHOCKING: You won't believe what cryptocurrency is secretly hiding from you!!!,Unknown,0
N0536,You need to see this about climate change,Experts are TERRIFIED after new claims about climate change go viral overnight.,Unknown,0
N0095,Update on renewable energy,A new report from the health ministry outlines updated guidelines for renewable energy.,Real Author,1
N0181,Update on the new vaccine,The stock market showed a moderate change following news about the new vaccine.,Real Author,1
N0302,Update on the education system,Officials confirmed that the the education system project will proceed as planned next quarter.,Real Author,1
N0617,You need to see this about the election,Experts are TERRIFIED after new claims about the election go viral overnight.,Unknown,0
N0582,You need to see this about climate change,Doctors HATE this one trick about climate change that big companies don't want you to know.,Unknown,0
N0591,You need to see this about artificial intelligence,"BREAKING: Aliens confirmed to be behind the artificial intelligence conspiracy, insiders claim.",Unknown,0
N0732,You need to see this about the housing market,"BREAKING: Aliens confirmed to be behind the the housing market conspiracy, insiders claim.",Unknown,0
N0559,You need to see this about space exploration,"Celebrity secretly reveals space exploration is a total hoax, fans are furious.",Unknown,0
N0709,You need to see this about the education system,Doctors HATE this one trick about the education system that big companies don't want you to know.,Unknown,0
N0543,You need to see this about the housing market,Doctors HATE this one trick about the housing market that big companies don't want you to know.,Unknown,0
N0006,Update on cryptocurrency,Officials confirmed that the cryptocurrency project will proceed as planned next quarter.,Real Author,1
N0786,You need to see this about cryptocurrency,"This miracle cure for cryptocurrency was banned by the government, sources say.",Unknown,0
N0046,Update on space exploration,The government announced a new policy on space exploration today after a cabinet meeting.,Real Author,1
N0726,You need to see this about the education system,"Celebrity secretly reveals the education system is a total hoax, fans are furious.",Unknown,0
N0158,Update on the economy,A new report from the health ministry outlines updated guidelines for the economy.,Real Author,1
N0606,You need to see this about the education system,Doctors HATE this one trick about the education system that big companies don't want you to know.,Unknown,0
N0172,Update on the election,Officials confirmed that the the election project will proceed as planned next quarter.,Real Author,1
N0017,Update on the election,Scientists at a leading university published a peer reviewed study on the election.,Real Author,1
N0512,You need to see this about renewable energy,"BREAKING: Aliens confirmed to be behind the renewable energy conspiracy, insiders claim.",Unknown,0
N0049,Update on space exploration,A new report from the health ministry outlines updated guidelines for space exploration.,Real Author,1
N0775,You need to see this about renewable energy,"BREAKING: Aliens confirmed to be behind the renewable energy conspiracy, insiders claim.",Unknown,0
N0758,You need to see this about climate change,"BREAKING: Aliens confirmed to be behind the climate change conspiracy, insiders claim.",Unknown,0
N0481,You need to see this about space exploration,Experts are TERRIFIED after new claims about space exploration go viral overnight.,Unknown,0
N0284,Update on cryptocurrency,The government announced a new policy on cryptocurrency today after a cabinet meeting.,Real Author,1
N0537,You need to see this about the new vaccine,"This miracle cure for the new vaccine was banned by the government, sources say.",Unknown,0
N0226,Update on climate change,Officials confirmed that the climate change project will proceed as planned next quarter.,Real Author,1
N0027,Update on the election,The company released its quarterly earnings report showing growth in the election.,Real Author,1
N0631,You need to see this about cryptocurrency,"BREAKING: Aliens confirmed to be behind the cryptocurrency conspiracy, insiders claim.",Unknown,0
N0438,You need to see this about the election,SHOCKING: You won't believe what the election is secretly hiding from you!!!,Unknown,0
N0365,Update on climate change,Scientists at a leading university published a peer reviewed study on climate change.,Real Author,1
N0230,Update on the election,Scientists at a leading university published a peer reviewed study on the election.,Real Author,1
N0038,Update on the election,The company released its quarterly earnings report showing growth in the election.,Real Author,1
N0780,You need to see this about the economy,Doctors HATE this one trick about the economy that big companies don't want you to know.,Unknown,0
N0375,Update on cryptocurrency,The government announced a new policy on cryptocurrency today after a cabinet meeting.,Real Author,1
N0470,You need to see this about the new vaccine,SHOCKING: You won't believe what the new vaccine is secretly hiding from you!!!,Unknown,0
N0772,You need to see this about the economy,SHOCKING: You won't believe what the economy is secretly hiding from you!!!,Unknown,0
N0683,You need to see this about space exploration,Experts are TERRIFIED after new claims about space exploration go viral overnight.,Unknown,0
N0695,You need to see this about the election,Doctors HATE this one trick about the election that big companies don't want you to know.,Unknown,0
N0195,Update on artificial intelligence,Scientists at a leading university published a peer reviewed study on artificial intelligence.,Real Author,1
N0685,You need to see this about the economy,"BREAKING: Aliens confirmed to be behind the the economy conspiracy, insiders claim.",Unknown,0
N0694,You need to see this about the new vaccine,"Celebrity secretly reveals the new vaccine is a total hoax, fans are furious.",Unknown,0
N0504,You need to see this about the new vaccine,"Celebrity secretly reveals the new vaccine is a total hoax, fans are furious.",Unknown,0
N0774,You need to see this about the housing market,"This miracle cure for the housing market was banned by the government, sources say.",Unknown,0
N0670,You need to see this about the new vaccine,"This miracle cure for the new vaccine was banned by the government, sources say.",Unknown,0
N0773,You need to see this about the education system,Doctors HATE this one trick about the education system that big companies don't want you to know.,Unknown,0
N0163,Update on climate change,A new report from the health ministry outlines updated guidelines for climate change.,Real Author,1
N0752,You need to see this about artificial intelligence,SHOCKING: You won't believe what artificial intelligence is secretly hiding from you!!!,Unknown,0
N0153,Update on the education system,The government announced a new policy on the education system today after a cabinet meeting.,Real Author,1
N0558,You need to see this about space exploration,Experts are TERRIFIED after new claims about space exploration go viral overnight.,Unknown,0
N0573,You need to see this about the new vaccine,SHOCKING: You won't believe what the new vaccine is secretly hiding from you!!!,Unknown,0
N0676,You need to see this about space exploration,"BREAKING: Aliens confirmed to be behind the space exploration conspiracy, insiders claim.",Unknown,0
N0112,Update on climate change,The government announced a new policy on climate change today after a cabinet meeting.,Real Author,1
N0227,Update on the economy,Officials confirmed that the the economy project will proceed as planned next quarter.,Real Author,1
N0793,You need to see this about the education system,Experts are TERRIFIED after new claims about the education system go viral overnight.,Unknown,0
N0104,Update on climate change,Scientists at a leading university published a peer reviewed study on climate change.,Real Author,1
N0422,You need to see this about renewable energy,"BREAKING: Aliens confirmed to be behind the renewable energy conspiracy, insiders claim.",Unknown,0
N0420,You need to see this about the education system,"BREAKING: Aliens confirmed to be behind the the education system conspiracy, insiders claim.",Unknown,0
N0120,Update on renewable energy,Officials confirmed that the renewable energy project will proceed as planned next quarter.,Real Author,1
N0054,Update on space exploration,The company released its quarterly earnings report showing growth in space exploration.,Real Author,1
N0152,Update on cryptocurrency,The company released its quarterly earnings report showing growth in cryptocurrency.,Real Author,1
N0404,You need to see this about the election,"Celebrity secretly reveals the election is a total hoax, fans are furious.",Unknown,0
N0754,You need to see this about space exploration,Doctors HATE this one trick about space exploration that big companies don't want you to know.,Unknown,0
N0208,Update on the economy,The stock market showed a moderate change following news about the economy.,Real Author,1
N0678,You need to see this about artificial intelligence,"Celebrity secretly reveals artificial intelligence is a total hoax, fans are furious.",Unknown,0
N0619,You need to see this about the housing market,"BREAKING: Aliens confirmed to be behind the the housing market conspiracy, insiders claim.",Unknown,0
N0009,Update on space exploration,A new report from the health ministry outlines updated guidelines for space exploration.,Real Author,1
N0652,You need to see this about artificial intelligence,SHOCKING: You won't believe what artificial intelligence is secretly hiding from you!!!,Unknown,0
N0037,Update on space exploration,The company released its quarterly earnings report showing growth in space exploration.,Real Author,1
N0453,You need to see this about the new vaccine,"Celebrity secretly reveals the new vaccine is a total hoax, fans are furious.",Unknown,0
N0254,Update on artificial intelligence,The company released its quarterly earnings report showing growth in artificial intelligence.,Real Author,1
N0304,Update on renewable energy,Officials confirmed that the renewable energy project will proceed as planned next quarter.,Real Author,1
N0607,You need to see this about climate change,"This miracle cure for climate change was banned by the government, sources say.",Unknown,0
N0580,You need to see this about renewable energy,"Celebrity secretly reveals renewable energy is a total hoax, fans are furious.",Unknown,0
N0588,You need to see this about the election,SHOCKING: You won't believe what the election is secretly hiding from you!!!,Unknown,0
N0263,Update on the housing market,The company released its quarterly earnings report showing growth in the housing market.,Real Author,1
N0298,Update on the education system,A new report from the health ministry outlines updated guidelines for the education system.,Real Author,1
N0415,You need to see this about space exploration,"BREAKING: Aliens confirmed to be behind the space exploration conspiracy, insiders claim.",Unknown,0
N0151,Update on space exploration,The government announced a new policy on space exploration today after a cabinet meeting.,Real Author,1
N0637,You need to see this about the education system,"Celebrity secretly reveals the education system is a total hoax, fans are furious.",Unknown,0
N0713,You need to see this about the economy,SHOCKING: You won't believe what the economy is secretly hiding from you!!!,Unknown,0
N0551,You need to see this about cryptocurrency,Experts are TERRIFIED after new claims about cryptocurrency go viral overnight.,Unknown,0
N0489,You need to see this about the election,Experts are TERRIFIED after new claims about the election go viral overnight.,Unknown,0
N0148,Update on the education system,The company released its quarterly earnings report showing growth in the education system.,Real Author,1
N0147,Update on the housing market,The company released its quarterly earnings report showing growth in the housing market.,Real Author,1
N0589,You need to see this about the economy,"BREAKING: Aliens confirmed to be behind the the economy conspiracy, insiders claim.",Unknown,0
N0743,You need to see this about artificial intelligence,Doctors HATE this one trick about artificial intelligence that big companies don't want you to know.,Unknown,0
N0602,You need to see this about the election,"This miracle cure for the election was banned by the government, sources say.",Unknown,0
N0349,Update on the housing market,The stock market showed a moderate change following news about the housing market.,Real Author,1
N0464,You need to see this about the economy,"Celebrity secretly reveals the economy is a total hoax, fans are furious.",Unknown,0
N0326,Update on the economy,The stock market showed a moderate change following news about the economy.,Real Author,1
N0187,Update on the education system,The government announced a new policy on the education system today after a cabinet meeting.,Real Author,1
N0124,Update on the housing market,Officials confirmed that the the housing market project will proceed as planned next quarter.,Real Author,1
N0684,You need to see this about cryptocurrency,SHOCKING: You won't believe what cryptocurrency is secretly hiding from you!!!,Unknown,0
N0144,Update on the housing market,The government announced a new policy on the housing market today after a cabinet meeting.,Real Author,1
N0764,You need to see this about the election,SHOCKING: You won't believe what the election is secretly hiding from you!!!,Unknown,0
N0198,Update on the economy,The government announced a new policy on the economy today after a cabinet meeting.,Real Author,1
N0280,Update on the election,Scientists at a leading university published a peer reviewed study on the election.,Real Author,1
N0294,Update on the economy,A new report from the health ministry outlines updated guidelines for the economy.,Real Author,1
N0401,You need to see this about artificial intelligence,"BREAKING: Aliens confirmed to be behind the artificial intelligence conspiracy, insiders claim.",Unknown,0
N0123,Update on the housing market,The stock market showed a moderate change following news about the housing market.,Real Author,1
N0184,Update on the new vaccine,Officials confirmed that the the new vaccine project will proceed as planned next quarter.,Real Author,1
N0203,Update on renewable energy,A new report from the health ministry outlines updated guidelines for renewable energy.,Real Author,1
N0439,You need to see this about the economy,"Celebrity secretly reveals the economy is a total hoax, fans are furious.",Unknown,0
N0247,Update on cryptocurrency,Scientists at a leading university published a peer reviewed study on cryptocurrency.,Real Author,1
N0416,You need to see this about cryptocurrency,"BREAKING: Aliens confirmed to be behind the cryptocurrency conspiracy, insiders claim.",Unknown,0
N0712,You need to see this about renewable energy,Experts are TERRIFIED after new claims about renewable energy go viral overnight.,Unknown,0
N0130,Update on space exploration,Scientists at a leading university published a peer reviewed study on space exploration.,Real Author,1
N0403,You need to see this about cryptocurrency,Experts are TERRIFIED after new claims about cryptocurrency go viral overnight.,Unknown,0
N0633,You need to see this about the election,"BREAKING: Aliens confirmed to be behind the the election conspiracy, insiders claim.",Unknown,0
N0624,You need to see this about artificial intelligence,Doctors HATE this one trick about artificial intelligence that big companies don't want you to know.,Unknown,0
N0728,You need to see this about climate change,Experts are TERRIFIED after new claims about climate change go viral overnight.,Unknown,0
N0220,Update on the new vaccine,Scientists at a leading university published a peer reviewed study on the new vaccine.,Real Author,1
N0730,You need to see this about space exploration,"This miracle cure for space exploration was banned by the government, sources say.",Unknown,0
N0610,You need to see this about the housing market,Experts are TERRIFIED after new claims about the housing market go viral overnight.,Unknown,0
N0733,You need to see this about renewable energy,"This miracle cure for renewable energy was banned by the government, sources say.",Unknown,0
N0618,You need to see this about the election,SHOCKING: You won't believe what the election is secretly hiding from you!!!,Unknown,0
N0387,Update on the education system,The company released its quarterly earnings report showing growth in the education system.,Real Author,1
N0776,You need to see this about the new vaccine,"BREAKING: Aliens confirmed to be behind the the new vaccine conspiracy, insiders claim.",Unknown,0
N0510,You need to see this about climate change,Doctors HATE this one trick about climate change that big companies don't want you to know.,Unknown,0
N0268,Update on the election,Scientists at a leading university published a peer reviewed study on the election.,Real Author,1
N0782,You need to see this about the economy,Experts are TERRIFIED after new claims about the economy go viral overnight.,Unknown,0
N0442,You need to see this about renewable energy,SHOCKING: You won't believe what renewable energy is secretly hiding from you!!!,Unknown,0
N0497,You need to see this about climate change,Doctors HATE this one trick about climate change that big companies don't want you to know.,Unknown,0
N0113,Update on artificial intelligence,The government announced a new policy on artificial intelligence today after a cabinet meeting.,Real Author,1
N0233,Update on artificial intelligence,The stock market showed a moderate change following news about artificial intelligence.,Real Author,1
N0699,You need to see this about space exploration,"Celebrity secretly reveals space exploration is a total hoax, fans are furious.",Unknown,0
N0608,You need to see this about artificial intelligence,"Celebrity secretly reveals artificial intelligence is a total hoax, fans are furious.",Unknown,0
N0374,Update on cryptocurrency,The government announced a new policy on cryptocurrency today after a cabinet meeting.,Real Author,1
N0234,Update on climate change,The stock market showed a moderate change following news about climate change.,Real Author,1
N0634,You need to see this about the housing market,Doctors HATE this one trick about the housing market that big companies don't want you to know.,Unknown,0
N0318,Update on the housing market,Officials confirmed that the the housing market project will proceed as planned next quarter.,Real Author,1
N0411,You need to see this about renewable energy,"This miracle cure for renewable energy was banned by the government, sources say.",Unknown,0
N0718,You need to see this about climate change,"BREAKING: Aliens confirmed to be behind the climate change conspiracy, insiders claim.",Unknown,0
N0359,Update on the new vaccine,Officials confirmed that the the new vaccine project will proceed as planned next quarter.,Real Author,1
N0259,Update on the housing market,The company released its quarterly earnings report showing growth in the housing market.,Real Author,1
N0628,You need to see this about climate change,Experts are TERRIFIED after new claims about climate change go viral overnight.,Unknown,0
N0283,Update on space exploration,Officials confirmed that the space exploration project will proceed as planned next quarter.,Real Author,1
N0377,Update on the housing market,The company released its quarterly earnings report showing growth in the housing market.,Real Author,1
N0385,Update on the new vaccine,Officials confirmed that the the new vaccine project will proceed as planned next quarter.,Real Author,1
N0225,Update on the new vaccine,The company released its quarterly earnings report showing growth in the new vaccine.,Real Author,1
N0760,You need to see this about the housing market,"Celebrity secretly reveals the housing market is a total hoax, fans are furious.",Unknown,0
N0658,You need to see this about renewable energy,Experts are TERRIFIED after new claims about renewable energy go viral overnight.,Unknown,0
N0473,You need to see this about the election,SHOCKING: You won't believe what the election is secretly hiding from you!!!,Unknown,0
N0348,Update on the housing market,The stock market showed a moderate change following news about the housing market.,Real Author,1
N0506,You need to see this about renewable energy,SHOCKING: You won't believe what renewable energy is secretly hiding from you!!!,Unknown,0
N0640,You need to see this about the election,Experts are TERRIFIED after new claims about the election go viral overnight.,Unknown,0
N0789,You need to see this about climate change,"BREAKING: Aliens confirmed to be behind the climate change conspiracy, insiders claim.",Unknown,0
N0741,You need to see this about climate change,"This miracle cure for climate change was banned by the government, sources say.",Unknown,0
N0723,You need to see this about artificial intelligence,"This miracle cure for artificial intelligence was banned by the government, sources say.",Unknown,0
N0620,You need to see this about the economy,"Celebrity secretly reveals the economy is a total hoax, fans are furious.",Unknown,0
N0686,You need to see this about space exploration,Doctors HATE this one trick about space exploration that big companies don't want you to know.,Unknown,0
N0646,You need to see this about the housing market,SHOCKING: You won't believe what the housing market is secretly hiding from you!!!,Unknown,0
N0679,You need to see this about artificial intelligence,SHOCKING: You won't believe what artificial intelligence is secretly hiding from you!!!,Unknown,0
N0557,You need to see this about renewable energy,"BREAKING: Aliens confirmed to be behind the renewable energy conspiracy, insiders claim.",Unknown,0
N0578,You need to see this about the education system,"This miracle cure for the education system was banned by the government, sources say.",Unknown,0
N0086,Update on artificial intelligence,Officials confirmed that the artificial intelligence project will proceed as planned next quarter.,Real Author,1
N0243,Update on artificial intelligence,The company released its quarterly earnings report showing growth in artificial intelligence.,Real Author,1
N0160,Update on climate change,A new report from the health ministry outlines updated guidelines for climate change.,Real Author,1
N0525,You need to see this about space exploration,"BREAKING: Aliens confirmed to be behind the space exploration conspiracy, insiders claim.",Unknown,0
N0036,Update on artificial intelligence,The stock market showed a moderate change following news about artificial intelligence.,Real Author,1
N0541,You need to see this about space exploration,"This miracle cure for space exploration was banned by the government, sources say.",Unknown,0
N0171,Update on artificial intelligence,Scientists at a leading university published a peer reviewed study on artificial intelligence.,Real Author,1
N0655,You need to see this about the education system,"BREAKING: Aliens confirmed to be behind the the education system conspiracy, insiders claim.",Unknown,0
N0688,You need to see this about climate change,"Celebrity secretly reveals climate change is a total hoax, fans are furious.",Unknown,0
N0680,You need to see this about the housing market,"BREAKING: Aliens confirmed to be behind the the housing market conspiracy, insiders claim.",Unknown,0
N0753,You need to see this about cryptocurrency,"Celebrity secretly reveals cryptocurrency is a total hoax, fans are furious.",Unknown,0
N0096,Update on the new vaccine,The stock market showed a moderate change following news about the new vaccine.,Real Author,1
N0564,You need to see this about the housing market,"This miracle cure for the housing market was banned by the government, sources say.",Unknown,0
N0241,Update on the economy,The government announced a new policy on the economy today after a cabinet meeting.,Real Author,1
N0575,You need to see this about artificial intelligence,"Celebrity secretly reveals artificial intelligence is a total hoax, fans are furious.",Unknown,0
N0461,You need to see this about the election,"Celebrity secretly reveals the election is a total hoax, fans are furious.",Unknown,0
N0554,You need to see this about renewable energy,"BREAKING: Aliens confirmed to be behind the renewable energy conspiracy, insiders claim.",Unknown,0
N0705,You need to see this about climate change,"This miracle cure for climate change was banned by the government, sources say.",Unknown,0
N0207,Update on the new vaccine,A new report from the health ministry outlines updated guidelines for the new vaccine.,Real Author,1
N0393,Update on climate change,The stock market showed a moderate change following news about climate change.,Real Author,1
N0398,Update on the economy,Officials confirmed that the the economy project will proceed as planned next quarter.,Real Author,1
N0681,You need to see this about space exploration,SHOCKING: You won't believe what space exploration is secretly hiding from you!!!,Unknown,0
N0218,Update on cryptocurrency,The company released its quarterly earnings report showing growth in cryptocurrency.,Real Author,1
N0005,Update on the education system,The government announced a new policy on the education system today after a cabinet meeting.,Real Author,1
N0643,You need to see this about the new vaccine,Doctors HATE this one trick about the new vaccine that big companies don't want you to know.,Unknown,0
N0717,You need to see this about renewable energy,SHOCKING: You won't believe what renewable energy is secretly hiding from you!!!,Unknown,0
N0613,You need to see this about the housing market,"This miracle cure for the housing market was banned by the government, sources say.",Unknown,0
N0547,You need to see this about artificial intelligence,"Celebrity secretly reveals artificial intelligence is a total hoax, fans are furious.",Unknown,0
N0099,Update on the education system,The company released its quarterly earnings report showing growth in the education system.,Real Author,1
N0574,You need to see this about renewable energy,"BREAKING: Aliens confirmed to be behind the renewable energy conspiracy, insiders claim.",Unknown,0
N0407,You need to see this about space exploration,Experts are TERRIFIED after new claims about space exploration go viral overnight.,Unknown,0
N0503,You need to see this about renewable energy,"BREAKING: Aliens confirmed to be behind the renewable energy conspiracy, insiders claim.",Unknown,0
N0048,Update on the election,The government announced a new policy on the election today after a cabinet meeting.,Real Author,1
N0033,Update on climate change,Officials confirmed that the climate change project will proceed as planned next quarter.,Real Author,1
N0201,Update on artificial intelligence,Scientists at a leading university published a peer reviewed study on artificial intelligence.,Real Author,1
N0135,Update on space exploration,The government announced a new policy on space exploration today after a cabinet meeting.,Real Author,1
N0028,Update on cryptocurrency,The stock market showed a moderate change following news about cryptocurrency.,Real Author,1
N0707,You need to see this about the education system,"Celebrity secretly reveals the education system is a total hoax, fans are furious.",Unknown,0
N0231,Update on space exploration,The government announced a new policy on space exploration today after a cabinet meeting.,Real Author,1
N0490,You need to see this about the housing market,"BREAKING: Aliens confirmed to be behind the the housing market conspiracy, insiders claim.",Unknown,0
N0379,Update on the education system,The company released its quarterly earnings report showing growth in the education system.,Real Author,1
N0289,Update on the new vaccine,The company released its quarterly earnings report showing growth in the new vaccine.,Real Author,1
N0419,You need to see this about the housing market,Experts are TERRIFIED after new claims about the housing market go viral overnight.,Unknown,0
N0675,You need to see this about renewable energy,"This miracle cure for renewable energy was banned by the government, sources say.",Unknown,0
N0392,Update on artificial intelligence,Scientists at a leading university published a peer reviewed study on artificial intelligence.,Real Author,1
N0593,You need to see this about space exploration,"Celebrity secretly reveals space exploration is a total hoax, fans are furious.",Unknown,0
N0499,You need to see this about the economy,Experts are TERRIFIED after new claims about the economy go viral overnight.,Unknown,0
N0139,Update on climate change,Scientists at a leading university published a peer reviewed study on climate change.,Real Author,1
N0063,Update on the new vaccine,The company released its quarterly earnings report showing growth in the new vaccine.,Real Author,1
N0472,You need to see this about cryptocurrency,"This miracle cure for cryptocurrency was banned by the government, sources say.",Unknown,0
N0648,You need to see this about climate change,"This miracle cure for climate change was banned by the government, sources say.",Unknown,0
N0129,Update on artificial intelligence,The government announced a new policy on artificial intelligence today after a cabinet meeting.,Real Author,1
N0779,You need to see this about cryptocurrency,SHOCKING: You won't believe what cryptocurrency is secretly hiding from you!!!,Unknown,0
N0521,You need to see this about space exploration,"Celebrity secretly reveals space exploration is a total hoax, fans are furious.",Unknown,0
N0065,Update on the housing market,A new report from the health ministry outlines updated guidelines for the housing market.,Real Author,1
N0015,Update on the economy,Scientists at a leading university published a peer reviewed study on the economy.,Real Author,1
N0157,Update on the education system,Scientists at a leading university published a peer reviewed study on the education system.,Real Author,1
N0041,Update on space exploration,Scientists at a leading university published a peer reviewed study on space exploration.,Real Author,1
N0493,You need to see this about climate change,"Celebrity secretly reveals climate change is a total hoax, fans are furious.",Unknown,0
N0380,Update on artificial intelligence,The government announced a new policy on artificial intelligence today after a cabinet meeting.,Real Author,1
N0188,Update on the education system,The stock market showed a moderate change following news about the education system.,Real Author,1
N0217,Update on the education system,Officials confirmed that the the education system project will proceed as planned next quarter.,Real Author,1
N0053,Update on the election,Scientists at a leading university published a peer reviewed study on the election.,Real Author,1
N0338,Update on the education system,The government announced a new policy on the education system today after a cabinet meeting.,Real Author,1
N0296,Update on renewable energy,Scientists at a leading university published a peer reviewed study on renewable energy.,Real Author,1
N0702,You need to see this about the economy,Doctors HATE this one trick about the economy that big companies don't want you to know.,Unknown,0
N0252,Update on the housing market,The government announced a new policy on the housing market today after a cabinet meeting.,Real Author,1
N0462,You need to see this about the housing market,"BREAKING: Aliens confirmed to be behind the the housing market conspiracy, insiders claim.",Unknown,0
N0456,You need to see this about the education system,"This miracle cure for the education system was banned by the government, sources say.",Unknown,0
N0798,You need to see this about the election,Doctors HATE this one trick about the election that big companies don't want you to know.,Unknown,0
N0270,Update on cryptocurrency,The company released its quarterly earnings report showing growth in cryptocurrency.,Real Author,1
N0202,Update on the election,Scientists at a leading university published a peer reviewed study on the election.,Real Author,1
N0162,Update on space exploration,Officials confirmed that the space exploration project will proceed as planned next quarter.,Real Author,1
N0556,You need to see this about the education system,"This miracle cure for the education system was banned by the government, sources say.",Unknown,0
N0402,You need to see this about artificial intelligence,"BREAKING: Aliens confirmed to be behind the artificial intelligence conspiracy, insiders claim.",Unknown,0
N0703,You need to see this about the housing market,"Celebrity secretly reveals the housing market is a total hoax, fans are furious.",Unknown,0
N0477,You need to see this about space exploration,"BREAKING: Aliens confirmed to be behind the space exploration conspiracy, insiders claim.",Unknown,0
N0106,Update on artificial intelligence,The government announced a new policy on artificial intelligence today after a cabinet meeting.,Real Author,1
N0566,You need to see this about the economy,Doctors HATE this one trick about the economy that big companies don't want you to know.,Unknown,0
N0390,Update on renewable energy,Officials confirmed that the renewable energy project will proceed as planned next quarter.,Real Author,1
N0002,Update on the election,Scientists at a leading university published a peer reviewed study on the election.,Real Author,1
N0768,You need to see this about the new vaccine,Doctors HATE this one trick about the new vaccine that big companies don't want you to know.,Unknown,0
N0562,You need to see this about artificial intelligence,Experts are TERRIFIED after new claims about artificial intelligence go viral overnight.,Unknown,0
N0081,Update on the education system,A new report from the health ministry outlines updated guidelines for the education system.,Real Author,1
N0206,Update on climate change,The company released its quarterly earnings report showing growth in climate change.,Real Author,1
N0035,Update on artificial intelligence,Scientists at a leading university published a peer reviewed study on artificial intelligence.,Real Author,1
N0509,You need to see this about artificial intelligence,Experts are TERRIFIED after new claims about artificial intelligence go viral overnight.,Unknown,0
N0428,You need to see this about the new vaccine,Doctors HATE this one trick about the new vaccine that big companies don't want you to know.,Unknown,0
N0455,You need to see this about space exploration,SHOCKING: You won't believe what space exploration is secretly hiding from you!!!,Unknown,0
N0367,Update on cryptocurrency,The government announced a new policy on cryptocurrency today after a cabinet meeting.,Real Author,1
N0092,Update on renewable energy,The government announced a new policy on renewable energy today after a cabinet meeting.,Real Author,1
N0340,Update on cryptocurrency,The company released its quarterly earnings report showing growth in cryptocurrency.,Real Author,1
N0565,You need to see this about the new vaccine,"This miracle cure for the new vaccine was banned by the government, sources say.",Unknown,0
N0346,Update on space exploration,Officials confirmed that the space exploration project will proceed as planned next quarter.,Real Author,1
N0242,Update on cryptocurrency,Officials confirmed that the cryptocurrency project will proceed as planned next quarter.,Real Author,1
N0014,Update on cryptocurrency,The stock market showed a moderate change following news about cryptocurrency.,Real Author,1
N0316,Update on the new vaccine,The company released its quarterly earnings report showing growth in the new vaccine.,Real Author,1
N0601,You need to see this about space exploration,"This miracle cure for space exploration was banned by the government, sources say.",Unknown,0
N0388,Update on the election,A new report from the health ministry outlines updated guidelines for the election.,Real Author,1
N0274,Update on renewable energy,The company released its quarterly earnings report showing growth in renewable energy.,Real Author,1
N0167,Update on the housing market,The company released its quarterly earnings report showing growth in the housing market.,Real Author,1
N0794,You need to see this about the election,SHOCKING: You won't believe what the election is secretly hiding from you!!!,Unknown,0
N0647,You need to see this about the election,"Celebrity secretly reveals the election is a total hoax, fans are furious.",Unknown,0
N0485,You need to see this about the election,"Celebrity secretly reveals the election is a total hoax, fans are furious.",Unknown,0
N0783,You need to see this about climate change,"BREAKING: Aliens confirmed to be behind the climate change conspiracy, insiders claim.",Unknown,0
N0505,You need to see this about the housing market,Experts are TERRIFIED after new claims about the housing market go viral overnight.,Unknown,0
N0244,Update on artificial intelligence,Officials confirmed that the artificial intelligence project will proceed as planned next quarter.,Real Author,1
N0567,You need to see this about the education system,"Celebrity secretly reveals the education system is a total hoax, fans are furious.",Unknown,0
N0563,You need to see this about renewable energy,Experts are TERRIFIED after new claims about renewable energy go viral overnight.,Unknown,0
N0687,You need to see this about cryptocurrency,Doctors HATE this one trick about cryptocurrency that big companies don't want you to know.,Unknown,0
N0190,Update on the election,The government announced a new policy on the election today after a cabinet meeting.,Real Author,1
N0700,You need to see this about artificial intelligence,SHOCKING: You won't believe what artificial intelligence is secretly hiding from you!!!,Unknown,0
N0476,You need to see this about renewable energy,SHOCKING: You won't believe what renewable energy is secretly hiding from you!!!,Unknown,0
N0682,You need to see this about renewable energy,SHOCKING: You won't believe what renewable energy is secretly hiding from you!!!,Unknown,0
N0511,You need to see this about artificial intelligence,"This miracle cure for artificial intelligence was banned by the government, sources say.",Unknown,0
N0059,Update on artificial intelligence,Scientists at a leading university published a peer reviewed study on artificial intelligence.,Real Author,1
N0475,You need to see this about the election,Experts are TERRIFIED after new claims about the election go viral overnight.,Unknown,0
N0561,You need to see this about the housing market,SHOCKING: You won't believe what the housing market is secretly hiding from you!!!,Unknown,0
N0748,You need to see this about artificial intelligence,Experts are TERRIFIED after new claims about artificial intelligence go viral overnight.,Unknown,0
N0253,Update on artificial intelligence,A new report from the health ministry outlines updated guidelines for artificial intelligence.,Real Author,1
N0022,Update on cryptocurrency,The stock market showed a moderate change following news about cryptocurrency.,Real Author,1
N0314,Update on the new vaccine,Scientists at a leading university published a peer reviewed study on the new vaccine.,Real Author,1
N0460,You need to see this about renewable energy,"This miracle cure for renewable energy was banned by the government, sources say.",Unknown,0
N0161,Update on climate change,The company released its quarterly earnings report showing growth in climate change.,Real Author,1
N0277,Update on the education system,The company released its quarterly earnings report showing growth in the education system.,Real Author,1
N0192,Update on the education system,Scientists at a leading university published a peer reviewed study on the education system.,Real Author,1
N0386,Update on the new vaccine,The company released its quarterly earnings report showing growth in the new vaccine.,Real Author,1
N0414,You need to see this about the housing market,Experts are TERRIFIED after new claims about the housing market go viral overnight.,Unknown,0
N0492,You need to see this about renewable energy,"This miracle cure for renewable energy was banned by the government, sources say.",Unknown,0
N0344,Update on the economy,The stock market showed a moderate change following news about the economy.,Real Author,1
N0770,You need to see this about the housing market,SHOCKING: You won't believe what the housing market is secretly hiding from you!!!,Unknown,0
N0309,Update on renewable energy,The government announced a new policy on renewable energy today after a cabinet meeting.,Real Author,1
N0662,You need to see this about the economy,"BREAKING: Aliens confirmed to be behind the the economy conspiracy, insiders claim.",Unknown,0
N0131,Update on space exploration,A new report from the health ministry outlines updated guidelines for space exploration.,Real Author,1
N0664,You need to see this about climate change,Doctors HATE this one trick about climate change that big companies don't want you to know.,Unknown,0
N0100,Update on space exploration,The company released its quarterly earnings report showing growth in space exploration.,Real Author,1
N0373,Update on the election,The company released its quarterly earnings report showing growth in the election.,Real Author,1
N0088,Update on artificial intelligence,The stock market showed a moderate change following news about artificial intelligence.,Real Author,1
N0459,You need to see this about the education system,"This miracle cure for the education system was banned by the government, sources say.",Unknown,0
N0331,Update on space exploration,The stock market showed a moderate change following news about space exploration.,Real Author,1
N0215,Update on space exploration,The company released its quarterly earnings report showing growth in space exploration.,Real Author,1
N0467,You need to see this about climate change,Doctors HATE this one trick about climate change that big companies don't want you to know.,Unknown,0
N0122,Update on climate change,The company released its quarterly earnings report showing growth in climate change.,Real Author,1
N0615,You need to see this about the housing market,"Celebrity secretly reveals the housing market is a total hoax, fans are furious.",Unknown,0
N0021,Update on artificial intelligence,The stock market showed a moderate change following news about artificial intelligence.,Real Author,1
N0701,You need to see this about the new vaccine,"BREAKING: Aliens confirmed to be behind the the new vaccine conspiracy, insiders claim.",Unknown,0
N0072,Update on the education system,The stock market showed a moderate change following news about the education system.,Real Author,1
N0107,Update on cryptocurrency,A new report from the health ministry outlines updated guidelines for cryptocurrency.,Real Author,1
N0271,Update on artificial intelligence,Officials confirmed that the artificial intelligence project will proceed as planned next quarter.,Real Author,1
N0436,You need to see this about the election,SHOCKING: You won't believe what the election is secretly hiding from you!!!,Unknown,0
N0103,Update on the education system,Officials confirmed that the the education system project will proceed as planned next quarter.,Real Author,1
